﻿<?xml version="1.0" encoding="UTF-8" standalone="yes"?>
<addon id="repository-kodiaddos" name="kodiaddos" version="0.0.1" provider-name="[COLOR lime] [B]kodiaddos Repo[/B][/COLOR]">
	<extension point="xbmc.addon.repository" name="repository-kodiaddos">
		<info compressed="false">https://raw.githubusercontent.com/fabio35/kodiaddos/master/addons.xml</info>
		<checksum>https://raw.githubusercontent.com/fabio35/kodiaddos/master/addons.xml.md5</checksum>
		<datadir zip="true">https://raw.githubusercontent.com/fabio35/kodiaddos/master/repo</datadir>
	</extension>
	<extension point="xbmc.addon.metadata">
		<summary>[COLOR blue] [B]kodiaddos Repo[/B][/COLOR] </summary>
		<description>[COLOR red] [B]kodiaddos.Repo[/B][/COLOR]</description>
		<disclaimer></disclaimer>
		<platform>all</platform>
	</extension>
</addon>